,smiles,proseq,label
0,C1C(CN1C(=O)CBr)([N+](=O)[O-])[N+](=O)[O-],QLLFNKTKSVEFTFGNDTVVIPCFVTNMEAQNTTEVYVKWKFKGRDIYTFDGALNKSTVPTDFSSAKIEVSQLLKGDASLKMDKSDAVSHTGNYTCEVTELTREGETIIELKYRVVSWSTRHHHHHH,1
0,COC1=C2C(=O)C3=C(C(=O)C2=CC=C1)C(O)=C1C[C@](O)(C[C@H](O[C@H]2C[C@H](N)[C@H](O)[C@H](C)O2)C1=C3O)C(=O)CO,QLLFNKTKSVEFTFGNDTVVIPCFVTNMEAQNTTEVYVKWKFKGRDIYTFDGALNKSTVPTDFSSAKIEVSQLLKGDASLKMDKSDAVSHTGNYTCEVTELTREGETIIELKYRVVSWSTRHHHHHH,1
1,COC1=CC(=CC(OC)=C1O)[C@H]1[C@@H]2[C@H](COC2=O)[C@H](O[C@@H]2O[C@@H]3CO[C@@H](C)O[C@H]3[C@H](O)[C@H]2O)C2=C1C=C1OCOC1=C2,QLLFNKTKSVEFTFGNDTVVIPCFVTNMEAQNTTEVYVKWKFKGRDIYTFDGALNKSTVPTDFSSAKIEVSQLLKGDASLKMDKSDAVSHTGNYTCEVTELTREGETIIELKYRVVSWSTRHHHHHH,0
2,[H][C@@](CC(C)C)(NC(=O)[C@]([H])(CC1=CC=CC=C1)NC(=O)C1=CN=CC=N1)B(O)O,QLLFNKTKSVEFTFGNDTVVIPCFVTNMEAQNTTEVYVKWKFKGRDIYTFDGALNKSTVPTDFSSAKIEVSQLLKGDASLKMDKSDAVSHTGNYTCEVTELTREGETIIELKYRVVSWSTRHHHHHH,0
3,FC1=CC=C(CC2=NNC(=O)C3=CC=CC=C23)C=C1C(=O)N1CCN(CC1)C(=O)C1CC1,QLLFNKTKSVEFTFGNDTVVIPCFVTNMEAQNTTEVYVKWKFKGRDIYTFDGALNKSTVPTDFSSAKIEVSQLLKGDASLKMDKSDAVSHTGNYTCEVTELTREGETIIELKYRVVSWSTRHHHHHH,0
4,O=C1O[Pt]2([NH2][C@@H]3CCCC[C@H]3[NH2]2)OC1=O,QLLFNKTKSVEFTFGNDTVVIPCFVTNMEAQNTTEVYVKWKFKGRDIYTFDGALNKSTVPTDFSSAKIEVSQLLKGDASLKMDKSDAVSHTGNYTCEVTELTREGETIIELKYRVVSWSTRHHHHHH,0
5,CC1(CCC(=C(C1)C2=CC=C(C=C2)Cl)CN3CCN(CC3)C4=CC(=C(C=C4)C(=O)NS(=O)(=O)C5=CC(=C(C=C5)NCC6CCOCC6)[N+](=O)[O-])OC7=CN=C8C(=C7)C=CN8)C,QLLFNKTKSVEFTFGNDTVVIPCFVTNMEAQNTTEVYVKWKFKGRDIYTFDGALNKSTVPTDFSSAKIEVSQLLKGDASLKMDKSDAVSHTGNYTCEVTELTREGETIIELKYRVVSWSTRHHHHHH,1
6,CSCC[C@H](NC(=O)[C@@H](NC(=O)[C@@H](NC(=O)[C@H](CC1=CC=C(O)C=C1)NC(=O)[C@H](CC1=CC=CC=C1)NC(=O)[C@H](CCCNC(N)=N)NC(=O)[C@@H](N)CCCCN)C(C)C)C(C)C)C(=O)N[C@@H](CC1=CNC2=C1C=CC=C2)C(=O)N[C@@H](CCCCN)C(=O)N[C@@H](CCCCN)C(O)=O,QLLFNKTKSVEFTFGNDTVVIPCFVTNMEAQNTTEVYVKWKFKGRDIYTFDGALNKSTVPTDFSSAKIEVSQLLKGDASLKMDKSDAVSHTGNYTCEVTELTREGETIIELKYRVVSWSTRHHHHHH,0
7,CSCC[C@H](NC(=O)[C@@H](NC(=O)[C@@H](NC(=O)[C@H](CC1=CC=C(O)C=C1)NC(=O)[C@H](CC1=CC=CC=C1)NC(=O)[C@H](CCCNC(N)=N)NC(=O)[C@H](N)CCCCN)C(C)C)C(C)C)C(=O)N[C@@H](CC1=CNC2=CC=CC=C12)C(=O)N[C@@H](CCCCN)C(=O)N[C@H](CCCCN)C(O)=O,QLLFNKTKSVEFTFGNDTVVIPCFVTNMEAQNTTEVYVKWKFKGRDIYTFDGALNKSTVPTDFSSAKIEVSQLLKGDASLKMDKSDAVSHTGNYTCEVTELTREGETIIELKYRVVSWSTRHHHHHH,0
8,NCCCC[C@H](N)C1=NOC(=N1)[C@H](CCC(N)=O)NC(=O)N1CCC[C@H]1C(O)=O,QLLFNKTKSVEFTFGNDTVVIPCFVTNMEAQNTTEVYVKWKFKGRDIYTFDGALNKSTVPTDFSSAKIEVSQLLKGDASLKMDKSDAVSHTGNYTCEVTELTREGETIIELKYRVVSWSTRHHHHHH,0
9,N[C@@H](CCCNC(N)=N)C1=NOC(=N1)[C@H](CCC(O)=O)NC(=O)N1CCC[C@H]1C(O)=O,QLLFNKTKSVEFTFGNDTVVIPCFVTNMEAQNTTEVYVKWKFKGRDIYTFDGALNKSTVPTDFSSAKIEVSQLLKGDASLKMDKSDAVSHTGNYTCEVTELTREGETIIELKYRVVSWSTRHHHHHH,0
10,N[C@@H](CCC(O)=O)C1=NOC(=N1)[C@H](CCCNC(N)=N)NC(=O)N1CCC[C@H]1C(O)=O,QLLFNKTKSVEFTFGNDTVVIPCFVTNMEAQNTTEVYVKWKFKGRDIYTFDGALNKSTVPTDFSSAKIEVSQLLKGDASLKMDKSDAVSHTGNYTCEVTELTREGETIIELKYRVVSWSTRHHHHHH,0
11,N[C@@H](CCC(N)=O)C1=NOC(=N1)[C@H](CCCNC(N)=N)NC(=O)N1CCC[C@H]1C(O)=O,QLLFNKTKSVEFTFGNDTVVIPCFVTNMEAQNTTEVYVKWKFKGRDIYTFDGALNKSTVPTDFSSAKIEVSQLLKGDASLKMDKSDAVSHTGNYTCEVTELTREGETIIELKYRVVSWSTRHHHHHH,0
12,N[C@@H](CCC(N)=O)C1=NOC(CNC(=O)N2CCC[C@H]2C(O)=O)=N1,QLLFNKTKSVEFTFGNDTVVIPCFVTNMEAQNTTEVYVKWKFKGRDIYTFDGALNKSTVPTDFSSAKIEVSQLLKGDASLKMDKSDAVSHTGNYTCEVTELTREGETIIELKYRVVSWSTRHHHHHH,0
13,N[C@@H](CCCNC(N)=N)C1=NOC(=N1)[C@H](CCC(O)=O)NC(=O)N[C@@H](CC1=CC=CC=C1)C(O)=O,QLLFNKTKSVEFTFGNDTVVIPCFVTNMEAQNTTEVYVKWKFKGRDIYTFDGALNKSTVPTDFSSAKIEVSQLLKGDASLKMDKSDAVSHTGNYTCEVTELTREGETIIELKYRVVSWSTRHHHHHH,0
14,NC(=N)NCCC[C@H](NC(=O)N[C@@H](CCC(O)=O)C1=NC(=NO1)[C@@H]1CCCN1)C(O)=O,QLLFNKTKSVEFTFGNDTVVIPCFVTNMEAQNTTEVYVKWKFKGRDIYTFDGALNKSTVPTDFSSAKIEVSQLLKGDASLKMDKSDAVSHTGNYTCEVTELTREGETIIELKYRVVSWSTRHHHHHH,0
15,N[C@@H](CC(N)=O)C1=NOC(=N1)[C@H](CCC(N)=O)NC(=O)N[C@@H](CCCNC(N)=N)C(O)=O,QLLFNKTKSVEFTFGNDTVVIPCFVTNMEAQNTTEVYVKWKFKGRDIYTFDGALNKSTVPTDFSSAKIEVSQLLKGDASLKMDKSDAVSHTGNYTCEVTELTREGETIIELKYRVVSWSTRHHHHHH,0
16,N[C@@H](CCC(N)=O)C1=NOC(=N1)[C@H](CCCNC(N)=N)NC(=O)N[C@@H](CC1=CC=CC=C1)C(O)=O,QLLFNKTKSVEFTFGNDTVVIPCFVTNMEAQNTTEVYVKWKFKGRDIYTFDGALNKSTVPTDFSSAKIEVSQLLKGDASLKMDKSDAVSHTGNYTCEVTELTREGETIIELKYRVVSWSTRHHHHHH,0
17,N[C@@H](CCC(N)=O)C1=NOC(=N1)[C@H](CCCNC(N)=N)NC(=O)N[C@@H](CCC(N)=O)C(O)=O,QLLFNKTKSVEFTFGNDTVVIPCFVTNMEAQNTTEVYVKWKFKGRDIYTFDGALNKSTVPTDFSSAKIEVSQLLKGDASLKMDKSDAVSHTGNYTCEVTELTREGETIIELKYRVVSWSTRHHHHHH,0
18,NCCCC[C@H](N)C1=NOC(=N1)[C@H](CCC(O)=O)NC(=O)N[C@@H](CC1=CN=CN1)C(O)=O,QLLFNKTKSVEFTFGNDTVVIPCFVTNMEAQNTTEVYVKWKFKGRDIYTFDGALNKSTVPTDFSSAKIEVSQLLKGDASLKMDKSDAVSHTGNYTCEVTELTREGETIIELKYRVVSWSTRHHHHHH,0
19,NCC1=NOC(=N1)[C@H](CC1=CN=CN1)NC(=O)N[C@@H](CC1=CC=CC=C1)C(O)=O,QLLFNKTKSVEFTFGNDTVVIPCFVTNMEAQNTTEVYVKWKFKGRDIYTFDGALNKSTVPTDFSSAKIEVSQLLKGDASLKMDKSDAVSHTGNYTCEVTELTREGETIIELKYRVVSWSTRHHHHHH,0
20,NCCCC[C@H](N)C1=NOC(=N1)[C@H](CCC(O)=O)NC(=O)NCC(O)=O,QLLFNKTKSVEFTFGNDTVVIPCFVTNMEAQNTTEVYVKWKFKGRDIYTFDGALNKSTVPTDFSSAKIEVSQLLKGDASLKMDKSDAVSHTGNYTCEVTELTREGETIIELKYRVVSWSTRHHHHHH,0
21,N[C@@H](CC1=CC=CC=C1)C1=NOC(CNC(=O)N2CCC[C@H]2C(O)=O)=N1,QLLFNKTKSVEFTFGNDTVVIPCFVTNMEAQNTTEVYVKWKFKGRDIYTFDGALNKSTVPTDFSSAKIEVSQLLKGDASLKMDKSDAVSHTGNYTCEVTELTREGETIIELKYRVVSWSTRHHHHHH,0
22,N[C@@H](CCC(O)=O)C1=NOC(CNC(=O)N2CCC[C@H]2C(O)=O)=N1,QLLFNKTKSVEFTFGNDTVVIPCFVTNMEAQNTTEVYVKWKFKGRDIYTFDGALNKSTVPTDFSSAKIEVSQLLKGDASLKMDKSDAVSHTGNYTCEVTELTREGETIIELKYRVVSWSTRHHHHHH,0
23,N[C@@H](CC1=CN=CN1)C1=NOC(=N1)[C@H](CC1=CC=CC=C1)NC(=O)N1CCC[C@H]1C(O)=O,QLLFNKTKSVEFTFGNDTVVIPCFVTNMEAQNTTEVYVKWKFKGRDIYTFDGALNKSTVPTDFSSAKIEVSQLLKGDASLKMDKSDAVSHTGNYTCEVTELTREGETIIELKYRVVSWSTRHHHHHH,0
24,N[C@@H](CCC(N)=O)C1=NOC(=N1)[C@H](CCC(O)=O)NC(=O)N1CCC[C@H]1C(O)=O,QLLFNKTKSVEFTFGNDTVVIPCFVTNMEAQNTTEVYVKWKFKGRDIYTFDGALNKSTVPTDFSSAKIEVSQLLKGDASLKMDKSDAVSHTGNYTCEVTELTREGETIIELKYRVVSWSTRHHHHHH,0
25,NCCCC[C@H](NC(=O)NCC1=NC(=NO1)[C@@H](N)CCC(N)=O)C(O)=O,QLLFNKTKSVEFTFGNDTVVIPCFVTNMEAQNTTEVYVKWKFKGRDIYTFDGALNKSTVPTDFSSAKIEVSQLLKGDASLKMDKSDAVSHTGNYTCEVTELTREGETIIELKYRVVSWSTRHHHHHH,0
26,NCCCC[C@H](NC(=O)N[C@@H](CCC(N)=O)C1=NC(=NO1)[C@@H](N)CC(N)=O)C(O)=O,QLLFNKTKSVEFTFGNDTVVIPCFVTNMEAQNTTEVYVKWKFKGRDIYTFDGALNKSTVPTDFSSAKIEVSQLLKGDASLKMDKSDAVSHTGNYTCEVTELTREGETIIELKYRVVSWSTRHHHHHH,0
27,N[C@@H](CCC(N)=O)C1=NOC(CNC(=O)N[C@@H](CC2=CC=CC=C2)C(O)=O)=N1,QLLFNKTKSVEFTFGNDTVVIPCFVTNMEAQNTTEVYVKWKFKGRDIYTFDGALNKSTVPTDFSSAKIEVSQLLKGDASLKMDKSDAVSHTGNYTCEVTELTREGETIIELKYRVVSWSTRHHHHHH,0
28,N[C@@H](CCC(N)=O)C1=NOC(CNC(=O)N[C@@H](CCC(O)=O)C(O)=O)=N1,QLLFNKTKSVEFTFGNDTVVIPCFVTNMEAQNTTEVYVKWKFKGRDIYTFDGALNKSTVPTDFSSAKIEVSQLLKGDASLKMDKSDAVSHTGNYTCEVTELTREGETIIELKYRVVSWSTRHHHHHH,0
30,CCCC[C@H](NC(=O)[C@@H](NC(=O)[C@@H](NC(=O)[C@H](CC1=CC=C(O)C=C1)NC(=O)[C@H](CC1=CC=CC=C1)NC(=O)[C@H](CCCNC(N)=N)N(C)C(=O)[C@@H](N)CCCCN)C(C)C)C(C)C)C(=O)N[C@@H](CC1=CNC2=C1C=CC=C2)C(=O)N[C@@H](CCCCN)C(=O)N[C@@H](CCCCN)C(O)=O,QLLFNKTKSVEFTFGNDTVVIPCFVTNMEAQNTTEVYVKWKFKGRDIYTFDGALNKSTVPTDFSSAKIEVSQLLKGDASLKMDKSDAVSHTGNYTCEVTELTREGETIIELKYRVVSWSTRHHHHHH,0
35,N[C@@H](CCC(O)=O)C1=NOC(CNC(=O)N[C@@H](CC2=CN=CN2)C(O)=O)=N1,QLLFNKTKSVEFTFGNDTVVIPCFVTNMEAQNTTEVYVKWKFKGRDIYTFDGALNKSTVPTDFSSAKIEVSQLLKGDASLKMDKSDAVSHTGNYTCEVTELTREGETIIELKYRVVSWSTRHHHHHH,0
36,N[C@@H](CC(O)=O)C1=NOC(=N1)[C@H](CCCNC(N)=N)NC(=O)N1CCC[C@H]1C(O)=O,QLLFNKTKSVEFTFGNDTVVIPCFVTNMEAQNTTEVYVKWKFKGRDIYTFDGALNKSTVPTDFSSAKIEVSQLLKGDASLKMDKSDAVSHTGNYTCEVTELTREGETIIELKYRVVSWSTRHHHHHH,0
37,N[C@@H](CC(N)=O)C1=NOC(=N1)[C@H](CCCNC(N)=N)NC(=O)N1CCC[C@H]1C(O)=O,QLLFNKTKSVEFTFGNDTVVIPCFVTNMEAQNTTEVYVKWKFKGRDIYTFDGALNKSTVPTDFSSAKIEVSQLLKGDASLKMDKSDAVSHTGNYTCEVTELTREGETIIELKYRVVSWSTRHHHHHH,0
38,CCC(C)[C@H](N)C1=NOC(=N1)[C@H](CCCNC(N)=N)NC(=O)N1CCC[C@H]1C(O)=O,QLLFNKTKSVEFTFGNDTVVIPCFVTNMEAQNTTEVYVKWKFKGRDIYTFDGALNKSTVPTDFSSAKIEVSQLLKGDASLKMDKSDAVSHTGNYTCEVTELTREGETIIELKYRVVSWSTRHHHHHH,0
39,N[C@@H](CC1=CNC2=CC=CC=C12)C1=NOC(=N1)[C@H](CCCNC(N)=N)NC(=O)N1CCC[C@H]1C(O)=O,QLLFNKTKSVEFTFGNDTVVIPCFVTNMEAQNTTEVYVKWKFKGRDIYTFDGALNKSTVPTDFSSAKIEVSQLLKGDASLKMDKSDAVSHTGNYTCEVTELTREGETIIELKYRVVSWSTRHHHHHH,0
40,NCC1=NOC(=N1)[C@H](CCCNC(N)=N)NC(=O)N1CCC[C@H]1C(O)=O,QLLFNKTKSVEFTFGNDTVVIPCFVTNMEAQNTTEVYVKWKFKGRDIYTFDGALNKSTVPTDFSSAKIEVSQLLKGDASLKMDKSDAVSHTGNYTCEVTELTREGETIIELKYRVVSWSTRHHHHHH,0
41,N[C@@H](CCC(O)=O)C1=NOC(=N1)[C@H](CCC(O)=O)NC(=O)N1CCC[C@H]1C(O)=O,QLLFNKTKSVEFTFGNDTVVIPCFVTNMEAQNTTEVYVKWKFKGRDIYTFDGALNKSTVPTDFSSAKIEVSQLLKGDASLKMDKSDAVSHTGNYTCEVTELTREGETIIELKYRVVSWSTRHHHHHH,0
42,N[C@@H](CCC(O)=O)C1=NOC(=N1)[C@H](CC1=CC=CC=C1)NC(=O)N1CCC[C@H]1C(O)=O,QLLFNKTKSVEFTFGNDTVVIPCFVTNMEAQNTTEVYVKWKFKGRDIYTFDGALNKSTVPTDFSSAKIEVSQLLKGDASLKMDKSDAVSHTGNYTCEVTELTREGETIIELKYRVVSWSTRHHHHHH,0
43,N[C@@H](CCC(O)=O)C1=NOC(=N1)[C@H](CO)NC(=O)N1CCC[C@H]1C(O)=O,QLLFNKTKSVEFTFGNDTVVIPCFVTNMEAQNTTEVYVKWKFKGRDIYTFDGALNKSTVPTDFSSAKIEVSQLLKGDASLKMDKSDAVSHTGNYTCEVTELTREGETIIELKYRVVSWSTRHHHHHH,0
44,CCC(C)[C@H](NC(=O)N[C@@H](CCCNC(N)=N)C1=NC(=NO1)[C@@H](N)CCC(O)=O)C(O)=O,QLLFNKTKSVEFTFGNDTVVIPCFVTNMEAQNTTEVYVKWKFKGRDIYTFDGALNKSTVPTDFSSAKIEVSQLLKGDASLKMDKSDAVSHTGNYTCEVTELTREGETIIELKYRVVSWSTRHHHHHH,0
45,COC(=O)CC[C@H](N)C1=NOC(=N1)C(CCCNC(N)=N)NC(=O)N1CCC[C@H]1C(=O)OC,QLLFNKTKSVEFTFGNDTVVIPCFVTNMEAQNTTEVYVKWKFKGRDIYTFDGALNKSTVPTDFSSAKIEVSQLLKGDASLKMDKSDAVSHTGNYTCEVTELTREGETIIELKYRVVSWSTRHHHHHH,0
46,COC(=O)[C@@H]1CCCN1C(=O)NC(CCCNC(N)=N)C1=NC(=NO1)[C@@H](N)CCC(O)=O,QLLFNKTKSVEFTFGNDTVVIPCFVTNMEAQNTTEVYVKWKFKGRDIYTFDGALNKSTVPTDFSSAKIEVSQLLKGDASLKMDKSDAVSHTGNYTCEVTELTREGETIIELKYRVVSWSTRHHHHHH,0
47,CC(C)C[C@H](NC(=O)N[C@@H](CCCNC(N)=N)C1=NC(=NO1)[C@@H](N)CCC(O)=O)C(O)=O,QLLFNKTKSVEFTFGNDTVVIPCFVTNMEAQNTTEVYVKWKFKGRDIYTFDGALNKSTVPTDFSSAKIEVSQLLKGDASLKMDKSDAVSHTGNYTCEVTELTREGETIIELKYRVVSWSTRHHHHHH,0
48,N[C@@H](CCC(O)=O)C1=NOC(=N1)[C@H](CCCNC(N)=N)NC(=O)N[C@@H](CC1=CNC2=CC=CC=C12)C(O)=O,QLLFNKTKSVEFTFGNDTVVIPCFVTNMEAQNTTEVYVKWKFKGRDIYTFDGALNKSTVPTDFSSAKIEVSQLLKGDASLKMDKSDAVSHTGNYTCEVTELTREGETIIELKYRVVSWSTRHHHHHH,0
49,N[C@@H](CCC(O)=O)C1=NOC(=N1)[C@H](CCCNC(N)=N)NC(=O)N[C@@H](CC(O)=O)C(O)=O,QLLFNKTKSVEFTFGNDTVVIPCFVTNMEAQNTTEVYVKWKFKGRDIYTFDGALNKSTVPTDFSSAKIEVSQLLKGDASLKMDKSDAVSHTGNYTCEVTELTREGETIIELKYRVVSWSTRHHHHHH,0
50,N[C@@H](CCC(O)=O)C1=NOC(=N1)[C@H](CCCNC(N)=N)NC(=O)NCC(O)=O,QLLFNKTKSVEFTFGNDTVVIPCFVTNMEAQNTTEVYVKWKFKGRDIYTFDGALNKSTVPTDFSSAKIEVSQLLKGDASLKMDKSDAVSHTGNYTCEVTELTREGETIIELKYRVVSWSTRHHHHHH,0
51,N[C@@H](CCC(O)=O)C1=NOC(=N1)[C@H](CCCNC(N)=N)NC(=O)N[C@@H](CCC(O)=O)C(O)=O,QLLFNKTKSVEFTFGNDTVVIPCFVTNMEAQNTTEVYVKWKFKGRDIYTFDGALNKSTVPTDFSSAKIEVSQLLKGDASLKMDKSDAVSHTGNYTCEVTELTREGETIIELKYRVVSWSTRHHHHHH,0
52,N[C@@H](CCC(O)=O)C1=NOC(=N1)[C@H](CCCNC(N)=N)NC(=O)N[C@@H](CC1=CC=CC=C1)C(O)=O,QLLFNKTKSVEFTFGNDTVVIPCFVTNMEAQNTTEVYVKWKFKGRDIYTFDGALNKSTVPTDFSSAKIEVSQLLKGDASLKMDKSDAVSHTGNYTCEVTELTREGETIIELKYRVVSWSTRHHHHHH,0
53,CSCC[C@H](NC(=O)[C@@H](NC(=O)[C@@H](NC(=O)[C@H](CC1=CC=C(O)C=C1)NC(=O)[C@H](CC1=CC=CC=C1)NC(=O)[C@H](CCCNC(N)=N)N(C)C(=O)[C@H](N)CCCCN)C(C)C)C(C)C)C(=O)N[C@@H](CC1=CNC2=C1C=CC=C2)C(=O)N(C)[C@@H](CCCCN)C(=O)N[C@H](CCCCN)C(O)=O,QLLFNKTKSVEFTFGNDTVVIPCFVTNMEAQNTTEVYVKWKFKGRDIYTFDGALNKSTVPTDFSSAKIEVSQLLKGDASLKMDKSDAVSHTGNYTCEVTELTREGETIIELKYRVVSWSTRHHHHHH,0
54,CCCCC[C@@H](NC(=O)[C@H](CCCCN)NC(=O)[C@H](CC1=CNC2=C1C=CC=C2)NC(=O)[C@H](CCCC)NC(=O)[C@@H](NC(=O)[C@@H](NC(=O)[C@H](CC1=CC=C(O)C=C1)NC(=O)[C@H](CC1=CC=CC=C1)NC(=O)[C@H](CCCNC(N)=N)N(C)C(=O)[C@H](N)CCCCN)C(C)C)C(C)C)C(O)=O,QLLFNKTKSVEFTFGNDTVVIPCFVTNMEAQNTTEVYVKWKFKGRDIYTFDGALNKSTVPTDFSSAKIEVSQLLKGDASLKMDKSDAVSHTGNYTCEVTELTREGETIIELKYRVVSWSTRHHHHHH,0
55,CC(C)C[C@H](NC(=O)[C@@H](NC(=O)[C@@H](NC(=O)[C@H](CC1=CC=C(O)C=C1)NC(=O)[C@H](CC1=CC=CC=C1)NC(=O)[C@H](CCCNC(N)=N)N(C)C(=O)[C@H](N)CCCCN)C(C)C)C(C)C)C(=O)N[C@@H](CC1=CNC2=C1C=CC=C2)C(=O)N[C@@H](CCCCN)C(=O)N[C@H](CCCCN)C(O)=O,QLLFNKTKSVEFTFGNDTVVIPCFVTNMEAQNTTEVYVKWKFKGRDIYTFDGALNKSTVPTDFSSAKIEVSQLLKGDASLKMDKSDAVSHTGNYTCEVTELTREGETIIELKYRVVSWSTRHHHHHH,0
56,CC[C@@H](C)[C@H](NC(=O)[C@@H](NC(=O)[C@@H](NC(=O)[C@H](CC1=CC=C(O)C=C1)NC(=O)[C@H](CC1=CC=CC=C1)NC(=O)[C@H](CCCNC(N)=N)N(C)C(=O)[C@@H](CCCCN)NC(C)=O)C(C)C)C(C)C)C(=O)N[C@@H](CC1=CNC2=C1C=CC=C2)C(=O)N[C@@H](CCCCN)C(=O)N[C@H](CCCCN)C(N)=O,QLLFNKTKSVEFTFGNDTVVIPCFVTNMEAQNTTEVYVKWKFKGRDIYTFDGALNKSTVPTDFSSAKIEVSQLLKGDASLKMDKSDAVSHTGNYTCEVTELTREGETIIELKYRVVSWSTRHHHHHH,0
57,CC(C)[C@H](NC(=O)[C@H](CC1=CC=C(O)C=C1)NC(=O)[C@H](CC1=CC=CC=C1)NC(=O)[C@H](CCCNC(N)=N)N(C)C(=O)[C@@H](CCCCN)NC(C)=O)C(=O)N[C@@H](C(C)C)C(=O)N[C@@H](CC1=CC=C(O)C=C1)C(=O)N[C@@H](CC1=CNC2=C1C=CC=C2)C(=O)N[C@@H](CCCCN)C(=O)N[C@H](CCCCN)C(N)=O,QLLFNKTKSVEFTFGNDTVVIPCFVTNMEAQNTTEVYVKWKFKGRDIYTFDGALNKSTVPTDFSSAKIEVSQLLKGDASLKMDKSDAVSHTGNYTCEVTELTREGETIIELKYRVVSWSTRHHHHHH,0
58,CC(C)[C@H](NC(=O)[C@H](CC1=CC=C(O)C=C1)NC(=O)[C@H](CC1=CC=CC=C1)NC(=O)[C@H](CCCNC(N)=N)N(C)C(=O)[C@@H](CCCCN)NC(C)=O)C(=O)N[C@@H](C(C)C)C(=O)N[C@@H](C(C)C)C(=O)N[C@@H](CC1=CNC2=C1C=CC=C2)C(=O)N[C@@H](CCCCN)C(=O)N[C@H](CCCCN)C(N)=O,QLLFNKTKSVEFTFGNDTVVIPCFVTNMEAQNTTEVYVKWKFKGRDIYTFDGALNKSTVPTDFSSAKIEVSQLLKGDASLKMDKSDAVSHTGNYTCEVTELTREGETIIELKYRVVSWSTRHHHHHH,0
59,CCCC[C@H](NC(=O)[C@@H](NC(=O)[C@@H](NC(=O)[C@H](CC1=CC=C(O)C=C1)NC(=O)[C@H](CC1=CC=CC=C1)NC(=O)[C@H](CCCNC(N)=N)N(C)C(C)=O)C(C)C)C(C)C)C(=O)N[C@@H](CC1=CNC2=C1C=CC=C2)C(=O)N[C@@H](CCCCN)C(N)=O,QLLFNKTKSVEFTFGNDTVVIPCFVTNMEAQNTTEVYVKWKFKGRDIYTFDGALNKSTVPTDFSSAKIEVSQLLKGDASLKMDKSDAVSHTGNYTCEVTELTREGETIIELKYRVVSWSTRHHHHHH,0
60,CSCC[C@H](NC(=O)[C@@H](NC(=O)[C@@H](NC(=O)[C@H](CC1=CC=C(O)C=C1)NC(=O)[C@H](CC1=CC=CC=C1)NC(=O)[C@H](CCCNC(N)=N)N(C)C(=O)[C@H](N)CCCCN)C(C)C)C(C)C)C(=O)N[C@@H](CC1=CNC2=C1C=CC=C2)C(=O)N[C@@H](CCCCN)C(=O)N[C@H](CCCCN)C(O)=O,QLLFNKTKSVEFTFGNDTVVIPCFVTNMEAQNTTEVYVKWKFKGRDIYTFDGALNKSTVPTDFSSAKIEVSQLLKGDASLKMDKSDAVSHTGNYTCEVTELTREGETIIELKYRVVSWSTRHHHHHH,0
61,CSCC[C@H](NC(=O)[C@@H](NC(=O)[C@H](C(C)C)N(C)C(=O)[C@H](CC1=CC=C(O)C=C1)NC(=O)[C@H](CC1=CC=CC=C1)NC(=O)[C@H](CCCNC(N)=N)NC(=O)[C@H](N)CCCCN)C(C)C)C(=O)N[C@@H](CC1=CNC2=C1C=CC=C2)C(=O)N[C@@H](CCCCN)C(=O)N[C@H](CCCCN)C(O)=O,QLLFNKTKSVEFTFGNDTVVIPCFVTNMEAQNTTEVYVKWKFKGRDIYTFDGALNKSTVPTDFSSAKIEVSQLLKGDASLKMDKSDAVSHTGNYTCEVTELTREGETIIELKYRVVSWSTRHHHHHH,0
62,CSCC[C@H](N(C)C(=O)[C@@H](NC(=O)[C@@H](NC(=O)[C@H](CC1=CC=C(O)C=C1)NC(=O)[C@H](CC1=CC=CC=C1)NC(=O)[C@H](CCCNC(N)=N)NC(=O)[C@H](N)CCCCN)C(C)C)C(C)C)C(=O)N[C@@H](CC1=CNC2=C1C=CC=C2)C(=O)N[C@@H](CCCCN)C(=O)N[C@H](CCCCN)C(O)=O,QLLFNKTKSVEFTFGNDTVVIPCFVTNMEAQNTTEVYVKWKFKGRDIYTFDGALNKSTVPTDFSSAKIEVSQLLKGDASLKMDKSDAVSHTGNYTCEVTELTREGETIIELKYRVVSWSTRHHHHHH,0
63,CSCC[C@H](NC(=O)[C@@H](NC(=O)[C@@H](NC(=O)[C@H](CC1=CC=C(O)C=C1)NC(=O)[C@H](CC1=CC=CC=C1)NC(=O)[C@H](CCCNC(N)=N)NC(=O)[C@H](N)CCCCN)C(C)C)C(C)C)C(=O)N[C@@H](CC1=CNC2=C1C=CC=C2)C(=O)N(C)[C@@H](CCCCN)C(=O)N[C@H](CCCCN)C(O)=O,QLLFNKTKSVEFTFGNDTVVIPCFVTNMEAQNTTEVYVKWKFKGRDIYTFDGALNKSTVPTDFSSAKIEVSQLLKGDASLKMDKSDAVSHTGNYTCEVTELTREGETIIELKYRVVSWSTRHHHHHH,0
64,CCCC[C@H](NC(=O)[C@@H](NC(=O)[C@@H](NC(=O)[C@H](CC1=CC=C(O)C=C1)NC(=O)[C@H](CC1=CC=CC=C1)NC(=O)[C@H](CCCNC(N)=N)N(C)C(=O)[C@@H](CCCCN)NC(=O)CCCCN1C=C(CN(CC2=CN(CCCCC(=O)N[C@H](CCCCN)C(=O)N(C)[C@@H](CCCNC(N)=N)C(=O)N[C@@H](CC3=CC=CC=C3)C(=O)N[C@@H](CC3=CC=C(O)C=C3)C(=O)N[C@@H](C(C)C)C(=O)N[C@@H](C(C)C)C(=O)N[C@@H](CCCC)C(=O)N[C@@H](CC3=CNC4=C3C=CC=C4)C(=O)N[C@@H](CCCCN)C(=O)N[C@H](CCCCN)C(O)=O)N=N2)CC2=CN(CCCCC(=O)N[C@H](CCCCN)C(=O)N(C)[C@@H](CCCNC(N)=N)C(=O)N[C@@H](CC3=CC=CC=C3)C(=O)N[C@@H](CC3=CC=C(O)C=C3)C(=O)N[C@@H](C(C)C)C(=O)N[C@@H](C(C)C)C(=O)N[C@@H](CCCC)C(=O)N[C@@H](CC3=CNC4=C3C=CC=C4)C(=O)N[C@@H](CCCCN)C(=O)N[C@H](CCCCN)C(O)=O)N=N2)N=N1)C(C)C)C(C)C)C(=O)N[C@@H](CC1=CNC2=C1C=CC=C2)C(=O)N[C@@H](CCCCN)C(=O)N[C@H](CCCCN)C(O)=O,QLLFNKTKSVEFTFGNDTVVIPCFVTNMEAQNTTEVYVKWKFKGRDIYTFDGALNKSTVPTDFSSAKIEVSQLLKGDASLKMDKSDAVSHTGNYTCEVTELTREGETIIELKYRVVSWSTRHHHHHH,0
0,CSCC[C@H](NC(=O)[C@@H](NC(=O)[C@@H](NC(=O)[C@H](Cc1ccc(O)cc1)NC(=O)[C@H](Cc1ccccc1)NC(=O)[C@H](CCCNC(N)=N)NC(C)=O)C(C)C)C(C)C)C(=O)N[C@@H](Cc1c[nH]c2ccccc12)C(=O)N[C@@H](CCCCN)C(N)=O,QLLFNKTKSVEFTFGNDTVVIPCFVTNMEAQNTTEVYVKWKFKGRDIYTFDGALNKSTVPTDFSSAKIEVSQLLKGDASLKMDKSDAVSHTGNYTCEVTELTREGETIIELKYRVVSWSTRHHHHHH,1
1,CSCC[C@H](NC(=O)[C@@H](NC(=O)[C@@H](NC(=O)[C@H](Cc1ccc(O)cc1)NC(=O)[C@H](Cc1ccccc1)NC(=O)[C@@H](N)CCCNC(N)=N)C(C)C)C(C)C)C(=O)N[C@@H](Cc1c[nH]c2ccccc12)C(=O)N[C@@H](CCCCN)C(O)=O,QLLFNKTKSVEFTFGNDTVVIPCFVTNMEAQNTTEVYVKWKFKGRDIYTFDGALNKSTVPTDFSSAKIEVSQLLKGDASLKMDKSDAVSHTGNYTCEVTELTREGETIIELKYRVVSWSTRHHHHHH,0
3,CCCCC(NC(=O)[C@@H](NC(=O)[C@@H](NC(=O)[C@H](Cc1ccc(O)cc1)NC(=O)[C@H](Cc1ccccc1)NC(=O)[C@H](CCCNC(N)=N)NC(=O)[C@H](N)CCCCN)C(C)C)C(C)C)C(=O)N[C@@H](Cc1c[nH]c2ccccc12)C(=O)N[C@@H](CCCCN)C(=O)N[C@H](CCCCN)C(O)=O,QLLFNKTKSVEFTFGNDTVVIPCFVTNMEAQNTTEVYVKWKFKGRDIYTFDGALNKSTVPTDFSSAKIEVSQLLKGDASLKMDKSDAVSHTGNYTCEVTELTREGETIIELKYRVVSWSTRHHHHHH,0
4,CSCC[C@H](NC(=O)[C@@H](NC(=O)[C@@H](NC(=O)[C@H](Cc1ccc(O)cc1)NC(=O)[C@H](Cc1ccccc1)NC(=O)[C@H](CCCNC(N)=N)NC(=O)[C@H](N)CCCCN)C(C)C)C(C)C)C(=O)N[C@@H](Cc1c[nH]c2ccccc12)C(=O)N[C@@H](CCCCN)C(=O)N[C@H](CCCCN)C(O)=O,QLLFNKTKSVEFTFGNDTVVIPCFVTNMEAQNTTEVYVKWKFKGRDIYTFDGALNKSTVPTDFSSAKIEVSQLLKGDASLKMDKSDAVSHTGNYTCEVTELTREGETIIELKYRVVSWSTRHHHHHH,0
5,CSCC[C@H](NC(=O)[C@@H](NC(=O)[C@@H](NC(=O)[C@H](Cc1ccc(O)cc1)NC(=O)[C@H](Cc1ccccc1)NC(=O)[C@H](CCCNC(N)=N)NC(=O)[C@@H](N)CCCCN)C(C)C)C(C)C)C(=O)N[C@@H](Cc1c[nH]c2ccccc12)C(=O)N[C@@H](CCCCN)C(=O)N[C@@H](CCCCN)C(O)=O,QLLFNKTKSVEFTFGNDTVVIPCFVTNMEAQNTTEVYVKWKFKGRDIYTFDGALNKSTVPTDFSSAKIEVSQLLKGDASLKMDKSDAVSHTGNYTCEVTELTREGETIIELKYRVVSWSTRHHHHHH,0
6,CSCC[C@H](NC(=O)[C@@H](NC(=O)[C@@H](NC(=O)[C@H](Cc1ccc(O)cc1)NC(=O)[C@H](Cc1ccccc1)NC(=O)[C@H](CCCNC(N)=N)NC(=O)[C@H](CCCCN)NC(C)=O)C(C)C)C(C)C)C(=O)N[C@@H](Cc1c[nH]c2ccccc12)C(=O)N[C@@H](CCCCN)C(=O)N[C@@H](CCCCN)C(N)=O,QLLFNKTKSVEFTFGNDTVVIPCFVTNMEAQNTTEVYVKWKFKGRDIYTFDGALNKSTVPTDFSSAKIEVSQLLKGDASLKMDKSDAVSHTGNYTCEVTELTREGETIIELKYRVVSWSTRHHHHHH,0
8,CSCC[C@H](NC(=O)[C@@H](NC(=O)[C@@H](NC(=O)[C@H](Cc1ccc(O)cc1)NC(=O)[C@H](Cc1ccccc1)NC(=O)[C@H](C)NC(=O)[C@H](N)CCCCN)C(C)C)C(C)C)C(=O)N[C@@H](Cc1c[nH]c2ccccc12)C(=O)N[C@@H](CCCCN)C(=O)N[C@H](CCCCN)C(O)=O,QLLFNKTKSVEFTFGNDTVVIPCFVTNMEAQNTTEVYVKWKFKGRDIYTFDGALNKSTVPTDFSSAKIEVSQLLKGDASLKMDKSDAVSHTGNYTCEVTELTREGETIIELKYRVVSWSTRHHHHHH,0
10,CSCC[C@H](NC(=O)[C@@H](NC(=O)[C@@H](NC(=O)[C@H](Cc1ccc(O)cc1)NC(=O)[C@H](Cc1ccccc1)NC(=O)[C@H](CCCNC(N)=N)NC(=O)[C@H](N)CCCCN)C(C)C)C(C)C)C(=O)N[C@@H](Cc1c[nH]c2ccccc12)C(=O)N[C@@H](C)C(=O)N[C@H](CCCCN)C(O)=O,QLLFNKTKSVEFTFGNDTVVIPCFVTNMEAQNTTEVYVKWKFKGRDIYTFDGALNKSTVPTDFSSAKIEVSQLLKGDASLKMDKSDAVSHTGNYTCEVTELTREGETIIELKYRVVSWSTRHHHHHH,0
12,CC(C)[C@H](NC(=O)[C@@H](NC(=O)[C@H](Cc1ccc(O)cc1)NC(=O)[C@H](Cc1ccccc1)NC(=O)[C@H](CCCNC(N)=N)NC(=O)[C@H](N)CCCCN)C(C)C)C(=O)N[C@@H](C)C(=O)N[C@@H](Cc1c[nH]c2ccccc12)C(=O)N[C@@H](CCCCN)C(=O)N[C@H](CCCCN)C(O)=O,QLLFNKTKSVEFTFGNDTVVIPCFVTNMEAQNTTEVYVKWKFKGRDIYTFDGALNKSTVPTDFSSAKIEVSQLLKGDASLKMDKSDAVSHTGNYTCEVTELTREGETIIELKYRVVSWSTRHHHHHH,0
